[
    {
        "model": "maps.touristattraction",
        "pk": 1,
        "fields": {
            "name": "Holland",
            "city": "New York",
            "latitude": "40.72463475783338",
            "longitude": "-74.00701717096757",
            "selected": false
        }
    },
    {
        "model": "maps.touristattraction",
        "pk": 2,
        "fields": {
            "name": "Whitestone",
            "city": "New York",
            "latitude": "40.797182526598476",
            "longitude": "-73.82661642130311",
            "selected": false
        }
    },
    {
        "model": "maps.touristattraction",
        "pk": 3,
        "fields": {
            "name": "Brooklyn",
            "city": "New York",
            "latitude": "40.703847072357554",
            "longitude": "-73.99395441100663",
            "selected": false
        }
    },
    {
        "model": "maps.touristattraction",
        "pk": 4,
        "fields": {
            "name": "Manhattan",
            "city": "New York",
            "latitude": "40.70960010711741",
            "longitude": "-73.9919414213091",
            "selected": false
        }
    },
    {
        "model": "maps.touristattraction",
        "pk": 5,
        "fields": {
            "name": "Pulaski",
            "city": "New York",
            "latitude": "40.7390660224974",
            "longitude": "-73.9526609766105",
            "selected": false
        }
    },
    {
        "model": "maps.touristattraction",
        "pk": 6,
        "fields": {
            "name": "Rikers island",
            "city": "New York",
            "latitude": "40.78672808734669",
            "longitude": "-73.88514373689752",
            "selected": false
        }
    },
    {
        "model": "maps.touristattraction",
        "pk": 7,
        "fields": {
            "name": "Borden",
            "city": "New York",
            "latitude": "40.73904190947019",
            "longitude": "-73.94269883592102",
            "selected": false
        }
    },
    {
        "model": "maps.touristattraction",
        "pk": 8,
        "fields": {
            "name": "3",
            "city": "New York",
            "latitude": "40.67614862375873",
            "longitude": "-73.99021820844462",
            "selected": false
        }
    },
    {
        "model": "maps.touristattraction",
        "pk": 9,
        "fields": {
            "name": "145",
            "city": "New York",
            "latitude": "40.819507905087455",
            "longitude": "-73.93236490031313",
            "selected": false
        }
    },
    {
        "model": "maps.touristattraction",
        "pk": 10,
        "fields": {
            "name": "Manhattan",
            "city": "New York",
            "latitude": "40.70487170757843",
            "longitude": "-73.98924219391657",
            "selected": false
        }
    },
    {
        "model": "maps.touristattraction",
        "pk": 11,
        "fields": {
            "name": "Willis",
            "city": "New York",
            "latitude": "40.80405743794185",
            "longitude": "-73.92788452519541",
            "selected": false
        }
    },
    {
        "model": "maps.touristattraction",
        "pk": 12,
        "fields": {
            "name": "145",
            "city": "New York",
            "latitude": "40.819480548636434",
            "longitude": "-73.93314181020845",
            "selected": false
        }
    },
    {
        "model": "maps.touristattraction",
        "pk": 13,
        "fields": {
            "name": "Whitestone expressway",
            "city": "New York",
            "latitude": "40.76570484358981",
            "longitude": "-73.83947161357135",
            "selected": false
        }
    },
    {
        "model": "maps.touristattraction",
        "pk": 14,
        "fields": {
            "name": "Robert f kennedy",
            "city": "New York",
            "latitude": "40.77834847757624",
            "longitude": "-73.9257029445795",
            "selected": false
        }
    },
    {
        "model": "maps.touristattraction",
        "pk": 15,
        "fields": {
            "name": "Bayonne",
            "city": "New York",
            "latitude": "40.64096389860073",
            "longitude": "-74.1425522840185",
            "selected": false
        }
    },
    {
        "model": "maps.touristattraction",
        "pk": 16,
        "fields": {
            "name": "Henry hudson",
            "city": "New York",
            "latitude": "40.87816401851388",
            "longitude": "-73.92157142849068",
            "selected": false
        }
    },
    {
        "model": "maps.touristattraction",
        "pk": 17,
        "fields": {
            "name": "Throgs neck",
            "city": "New York",
            "latitude": "40.80223345814468",
            "longitude": "-73.79372123642588",
            "selected": false
        }
    },
    {
        "model": "maps.touristattraction",
        "pk": 18,
        "fields": {
            "name": "Lincoln",
            "city": "New York",
            "latitude": "40.75884885236802",
            "longitude": "-73.9991447596062",
            "selected": false
        }
    },
    {
        "model": "maps.touristattraction",
        "pk": 19,
        "fields": {
            "name": "Queens midtown",
            "city": "New York",
            "latitude": "40.74148434588154",
            "longitude": "-73.95401591516496",
            "selected": false
        }
    },
    {
        "model": "maps.touristattraction",
        "pk": 20,
        "fields": {
            "name": "Grand",
            "city": "New York",
            "latitude": "40.716543137462125",
            "longitude": "-73.92252499509385",
            "selected": false
        }
    },
    {
        "model": "maps.touristattraction",
        "pk": 21,
        "fields": {
            "name": "Williamsburg",
            "city": "New York",
            "latitude": "40.71470127597823",
            "longitude": "-73.97581238008704",
            "selected": false
        }
    },
    {
        "model": "maps.touristattraction",
        "pk": 22,
        "fields": {
            "name": "Madison",
            "city": "New York",
            "latitude": "40.81415929950735",
            "longitude": "-73.93385155771828",
            "selected": false
        }
    },
    {
        "model": "maps.touristattraction",
        "pk": 23,
        "fields": {
            "name": "Rikers island",
            "city": "New York",
            "latitude": "40.77673740399411",
            "longitude": "-73.89184632789696",
            "selected": false
        }
    },
    {
        "model": "maps.touristattraction",
        "pk": 24,
        "fields": {
            "name": "Washington",
            "city": "New York",
            "latitude": "40.84700074947191",
            "longitude": "-73.9285220601287",
            "selected": false
        }
    },
    {
        "model": "maps.touristattraction",
        "pk": 25,
        "fields": {
            "name": "Kosciuszko",
            "city": "New York",
            "latitude": "40.72726078863402",
            "longitude": "-73.92906431305518",
            "selected": false
        }
    },
    {
        "model": "maps.touristattraction",
        "pk": 26,
        "fields": {
            "name": "Kosciuszko",
            "city": "New York",
            "latitude": "40.728080756621516",
            "longitude": "-73.92873591428327",
            "selected": false
        }
    },
    {
        "model": "maps.touristattraction",
        "pk": 27,
        "fields": {
            "name": "Macombs dam",
            "city": "New York",
            "latitude": "40.828035026885935",
            "longitude": "-73.93449272624562",
            "selected": false
        }
    },
    {
        "model": "maps.touristattraction",
        "pk": 28,
        "fields": {
            "name": "Hugh l carey",
            "city": "New York",
            "latitude": "40.68530779843454",
            "longitude": "-74.00777283741368",
            "selected": false
        }
    },
    {
        "model": "maps.touristattraction",
        "pk": 29,
        "fields": {
            "name": "Grand",
            "city": "New York",
            "latitude": "40.71642236593637",
            "longitude": "-73.922939079296",
            "selected": false
        }
    },
    {
        "model": "maps.touristattraction",
        "pk": 30,
        "fields": {
            "name": "University heights",
            "city": "New York",
            "latitude": "40.862958899053396",
            "longitude": "-73.91530713818614",
            "selected": false
        }
    },
    {
        "model": "maps.touristattraction",
        "pk": 31,
        "fields": {
            "name": "Cropsey",
            "city": "New York",
            "latitude": "40.58144823109271",
            "longitude": "-73.98590152410236",
            "selected": false
        }
    },
    {
        "model": "maps.touristattraction",
        "pk": 32,
        "fields": {
            "name": "Macombs dam",
            "city": "New York",
            "latitude": "40.82814940912705",
            "longitude": "-73.93304844725213",
            "selected": false
        }
    },
    {
        "model": "maps.touristattraction",
        "pk": 33,
        "fields": {
            "name": "Williamsburg",
            "city": "New York",
            "latitude": "40.71249220506745",
            "longitude": "-73.96852757728713",
            "selected": false
        }
    },
    {
        "model": "maps.touristattraction",
        "pk": 34,
        "fields": {
            "name": "Throgs neck",
            "city": "New York",
            "latitude": "40.798570202687046",
            "longitude": "-73.79354615537696",
            "selected": false
        }
    },
    {
        "model": "maps.touristattraction",
        "pk": 35,
        "fields": {
            "name": "Brooklyn",
            "city": "New York",
            "latitude": "40.70804305317223",
            "longitude": "-73.99934233022464",
            "selected": false
        }
    },
    {
        "model": "maps.touristattraction",
        "pk": 36,
        "fields": {
            "name": "Alexander hamilton",
            "city": "New York",
            "latitude": "40.84543670583857",
            "longitude": "-73.92797348753933",
            "selected": false
        }
    },
    {
        "model": "maps.touristattraction",
        "pk": 37,
        "fields": {
            "name": "Roosevelt is",
            "city": "New York",
            "latitude": "40.76387269046875",
            "longitude": "-73.94662833424147",
            "selected": false
        }
    },
    {
        "model": "maps.touristattraction",
        "pk": 38,
        "fields": {
            "name": "Willis",
            "city": "New York",
            "latitude": "40.803124948181406",
            "longitude": "-73.92977006337374",
            "selected": false
        }
    },
    {
        "model": "maps.touristattraction",
        "pk": 39,
        "fields": {
            "name": "Washington",
            "city": "New York",
            "latitude": "40.846495617972934",
            "longitude": "-73.92706544578265",
            "selected": false
        }
    },
    {
        "model": "maps.touristattraction",
        "pk": 40,
        "fields": {
            "name": "Alexander hamilton",
            "city": "New York",
            "latitude": "40.845657680171804",
            "longitude": "-73.92946799599785",
            "selected": false
        }
    },
    {
        "model": "maps.touristattraction",
        "pk": 41,
        "fields": {
            "name": "Channel",
            "city": "New York",
            "latitude": "40.64139539270733",
            "longitude": "-73.83432521355542",
            "selected": false
        }
    },
    {
        "model": "maps.touristattraction",
        "pk": 42,
        "fields": {
            "name": "Eastern blvd",
            "city": "New York",
            "latitude": "40.82272085731948",
            "longitude": "-73.88427532341606",
            "selected": false
        }
    },
    {
        "model": "maps.touristattraction",
        "pk": 43,
        "fields": {
            "name": "Verrazzano",
            "city": "New York",
            "latitude": "40.60665473493969",
            "longitude": "-74.04420378784582",
            "selected": false
        }
    },
    {
        "model": "maps.touristattraction",
        "pk": 44,
        "fields": {
            "name": "Marine py-gil hodges memorial",
            "city": "New York",
            "latitude": "40.57123147087074",
            "longitude": "-73.8835129582936",
            "selected": false
        }
    },
    {
        "model": "maps.touristattraction",
        "pk": 45,
        "fields": {
            "name": "Jj byrne memorial",
            "city": "New York",
            "latitude": "40.733339586242344",
            "longitude": "-73.9401679409754",
            "selected": false
        }
    },
    {
        "model": "maps.touristattraction",
        "pk": 46,
        "fields": {
            "name": "Pulaski",
            "city": "New York",
            "latitude": "40.73949877095418",
            "longitude": "-73.9525551330673",
            "selected": false
        }
    },
    {
        "model": "maps.touristattraction",
        "pk": 47,
        "fields": {
            "name": "Ed koch queensboro",
            "city": "New York",
            "latitude": "40.75839105385197",
            "longitude": "-73.95806128277657",
            "selected": false
        }
    },
    {
        "model": "maps.touristattraction",
        "pk": 48,
        "fields": {
            "name": "Hunters point",
            "city": "New York",
            "latitude": "40.74082294350688",
            "longitude": "-73.94045346824683",
            "selected": false
        }
    },
    {
        "model": "maps.touristattraction",
        "pk": 49,
        "fields": {
            "name": "Ed koch queensboro",
            "city": "New York",
            "latitude": "40.75521971292975",
            "longitude": "-73.95072222706568",
            "selected": false
        }
    },
    {
        "model": "maps.touristattraction",
        "pk": 50,
        "fields": {
            "name": "Pelham",
            "city": "New York",
            "latitude": "40.86185743277415",
            "longitude": "-73.81593046708394",
            "selected": false
        }
    },
    {
        "model": "maps.touristattraction",
        "pk": 51,
        "fields": {
            "name": "Queens midtown",
            "city": "New York",
            "latitude": "40.74579837599411",
            "longitude": "-73.97313755148846",
            "selected": false
        }
    },
    {
        "model": "maps.touristattraction",
        "pk": 52,
        "fields": {
            "name": "Cross bay veterans memorial",
            "city": "New York",
            "latitude": "40.5931120599718",
            "longitude": "-73.82006819635855",
            "selected": false
        }
    },
    {
        "model": "maps.touristattraction",
        "pk": 53,
        "fields": {
            "name": "Hugh l carey",
            "city": "New York",
            "latitude": "40.702110876118844",
            "longitude": "-74.01584220998345",
            "selected": false
        }
    },
    {
        "model": "maps.touristattraction",
        "pk": 54,
        "fields": {
            "name": "Madison",
            "city": "New York",
            "latitude": "40.8141271479839",
            "longitude": "-73.93237183447302",
            "selected": false
        }
    },
    {
        "model": "maps.touristattraction",
        "pk": 55,
        "fields": {
            "name": "Roosevelt is",
            "city": "New York",
            "latitude": "40.76293630078323",
            "longitude": "-73.94475408042065",
            "selected": false
        }
    },
    {
        "model": "maps.touristattraction",
        "pk": 56,
        "fields": {
            "name": "3",
            "city": "New York",
            "latitude": "40.80786246053091",
            "longitude": "-73.93183034872831",
            "selected": false
        }
    },
    {
        "model": "maps.touristattraction",
        "pk": 57,
        "fields": {
            "name": "University heights",
            "city": "New York",
            "latitude": "40.862337105843615",
            "longitude": "-73.91388351016103",
            "selected": false
        }
    },
    {
        "model": "maps.touristattraction",
        "pk": 58,
        "fields": {
            "name": "Jj byrne memorial",
            "city": "New York",
            "latitude": "40.73321070267289",
            "longitude": "-73.94053201935218",
            "selected": false
        }
    },
    {
        "model": "maps.touristattraction",
        "pk": 59,
        "fields": {
            "name": "Robert f kennedy",
            "city": "New York",
            "latitude": "40.80083743607845",
            "longitude": "-73.92905172620442",
            "selected": false
        }
    },
    {
        "model": "maps.touristattraction",
        "pk": 60,
        "fields": {
            "name": "Robert f kennedy",
            "city": "New York",
            "latitude": "40.79905324698294",
            "longitude": "-73.91899412536172",
            "selected": false
        }
    },
    {
        "model": "maps.touristattraction",
        "pk": 61,
        "fields": {
            "name": "Marine py-gil hodges memorial",
            "city": "New York",
            "latitude": "40.575841062819194",
            "longitude": "-73.88632525364005",
            "selected": false
        }
    },
    {
        "model": "maps.touristattraction",
        "pk": 62,
        "fields": {
            "name": "Outerbridge",
            "city": "New York",
            "latitude": "40.52491580044285",
            "longitude": "-74.24522257812289",
            "selected": false
        }
    },
    {
        "model": "maps.touristattraction",
        "pk": 63,
        "fields": {
            "name": "Henry hudson",
            "city": "New York",
            "latitude": "40.876476331696935",
            "longitude": "-73.92414934414123",
            "selected": false
        }
    },
    {
        "model": "maps.touristattraction",
        "pk": 64,
        "fields": {
            "name": "Whitestone",
            "city": "New York",
            "latitude": "40.80526812065424",
            "longitude": "-73.83185289433808",
            "selected": false
        }
    },
    {
        "model": "maps.touristattraction",
        "pk": 65,
        "fields": {
            "name": "Meadow",
            "city": "New York",
            "latitude": "40.74149628803932",
            "longitude": "-73.8423972385705",
            "selected": false
        }
    },
    {
        "model": "maps.touristattraction",
        "pk": 66,
        "fields": {
            "name": "Boathouse",
            "city": "New York",
            "latitude": "40.73877326020479",
            "longitude": "-73.83827188217491",
            "selected": false
        }
    },
    {
        "model": "maps.touristattraction",
        "pk": 67,
        "fields": {
            "name": "Meadow",
            "city": "New York",
            "latitude": "40.73706625478319",
            "longitude": "-73.8364934440449",
            "selected": false
        }
    },
    {
        "model": "maps.touristattraction",
        "pk": 68,
        "fields": {
            "name": "Eastchester",
            "city": "New York",
            "latitude": "40.88771112667512",
            "longitude": "-73.8238485910341",
            "selected": false
        }
    },
    {
        "model": "maps.touristattraction",
        "pk": 69,
        "fields": {
            "name": "Goethals",
            "city": "New York",
            "latitude": "40.63526107028508",
            "longitude": "-74.196729991945",
            "selected": false
        }
    },
    {
        "model": "maps.touristattraction",
        "pk": 70,
        "fields": {
            "name": "High",
            "city": "New York",
            "latitude": "40.84236068196091",
            "longitude": "-73.93066638276323",
            "selected": false
        }
    },
    {
        "model": "maps.touristattraction",
        "pk": 71,
        "fields": {
            "name": "High",
            "city": "New York",
            "latitude": "40.84211032740364",
            "longitude": "-73.92798170799749",
            "selected": false
        }
    },
    {
        "model": "maps.touristattraction",
        "pk": 72,
        "fields": {
            "name": "Meadow lake",
            "city": "New York",
            "latitude": "40.72875116260522",
            "longitude": "-73.83423857672173",
            "selected": false
        }
    },
    {
        "model": "maps.touristattraction",
        "pk": 73,
        "fields": {
            "name": "Queens midtown expressway",
            "city": "New York",
            "latitude": "40.73950320427952",
            "longitude": "-73.94196679736764",
            "selected": false
        }
    },
    {
        "model": "maps.touristattraction",
        "pk": 74,
        "fields": {
            "name": "Joel a miele sr pedestrian",
            "city": "New York",
            "latitude": "40.65340389513283",
            "longitude": "-73.83171708287027",
            "selected": false
        }
    },
    {
        "model": "maps.touristattraction",
        "pk": 75,
        "fields": {
            "name": "Sheepshead foot",
            "city": "New York",
            "latitude": "40.58234917431806",
            "longitude": "-73.94938260751648",
            "selected": false
        }
    },
    {
        "model": "maps.touristattraction",
        "pk": 76,
        "fields": {
            "name": "Terrace",
            "city": "New York",
            "latitude": "40.65831544080992",
            "longitude": "-73.96838854691363",
            "selected": false
        }
    },
    {
        "model": "maps.touristattraction",
        "pk": 77,
        "fields": {
            "name": "Unionport",
            "city": "New York",
            "latitude": "40.82832616120207",
            "longitude": "-73.8424698066297",
            "selected": false
        }
    },
    {
        "model": "maps.touristattraction",
        "pk": 78,
        "fields": {
            "name": "Verrazzano",
            "city": "New York",
            "latitude": "40.60727790367864",
            "longitude": "-74.04271671853805",
            "selected": false
        }
    },
    {
        "model": "maps.touristattraction",
        "pk": 79,
        "fields": {
            "name": "Zoo",
            "city": "New York",
            "latitude": "40.743755569326986",
            "longitude": "-73.84672248558252",
            "selected": false
        }
    },
    {
        "model": "maps.touristattraction",
        "pk": 80,
        "fields": {
            "name": "Flushing",
            "city": "New York",
            "latitude": "40.76263658211576",
            "longitude": "-73.83664365296013",
            "selected": false
        }
    },
    {
        "model": "maps.touristattraction",
        "pk": 81,
        "fields": {
            "name": "Hall of science",
            "city": "New York",
            "latitude": "40.747230396139976",
            "longitude": "-73.8487752379357",
            "selected": false
        }
    },
    {
        "model": "maps.touristattraction",
        "pk": 82,
        "fields": {
            "name": "Central park bow bridge",
            "city": "New York",
            "latitude": "40.775775398239034",
            "longitude": "-73.97178440451849",
            "selected": false
        }
    },
    {
        "model": "maps.touristattraction",
        "pk": 83,
        "fields": {
            "name": "Metro north",
            "city": "New York",
            "latitude": "40.811164110504",
            "longitude": "-73.93336444515667",
            "selected": false
        }
    },
    {
        "model": "maps.touristattraction",
        "pk": 84,
        "fields": {
            "name": "Metro north bridge",
            "city": "New York",
            "latitude": "40.81157541199494",
            "longitude": "-73.93235386516905",
            "selected": false
        }
    },
    {
        "model": "maps.touristattraction",
        "pk": 85,
        "fields": {
            "name": "Squibb park",
            "city": "New York",
            "latitude": "40.70065412699404",
            "longitude": "-73.99583017856268",
            "selected": false
        }
    },
    {
        "model": "maps.touristattraction",
        "pk": 86,
        "fields": {
            "name": "Little neck",
            "city": "New York",
            "latitude": "40.76341346129425",
            "longitude": "-73.7517783876887",
            "selected": false
        }
    },
    {
        "model": "maps.touristattraction",
        "pk": 87,
        "fields": {
            "name": "9",
            "city": "New York",
            "latitude": "40.67411066026364",
            "longitude": "-73.99650894605668",
            "selected": false
        }
    },
    {
        "model": "maps.touristattraction",
        "pk": 88,
        "fields": {
            "name": "Hamilton",
            "city": "New York",
            "latitude": "40.67188277033815",
            "longitude": "-73.99837997114086",
            "selected": false
        }
    },
    {
        "model": "maps.touristattraction",
        "pk": 89,
        "fields": {
            "name": "Hutchinson river",
            "city": "New York",
            "latitude": "40.868890476674196",
            "longitude": "-73.8210624416585",
            "selected": false
        }
    },
    {
        "model": "maps.touristattraction",
        "pk": 90,
        "fields": {
            "name": "Purple heart memorial",
            "city": "New York",
            "latitude": "40.56654428728391",
            "longitude": "-74.16972788014064",
            "selected": false
        }
    },
    {
        "model": "maps.touristattraction",
        "pk": 91,
        "fields": {
            "name": "Union st",
            "city": "New York",
            "latitude": "40.679490514758896",
            "longitude": "-73.98834653891076",
            "selected": false
        }
    },
    {
        "model": "maps.touristattraction",
        "pk": 92,
        "fields": {
            "name": "Westchester",
            "city": "New York",
            "latitude": "40.82828030362539",
            "longitude": "-73.88382360441862",
            "selected": false
        }
    },
    {
        "model": "maps.touristattraction",
        "pk": 93,
        "fields": {
            "name": "Carroll",
            "city": "New York",
            "latitude": "40.6781996973448",
            "longitude": "-73.98914461070814",
            "selected": false
        }
    },
    {
        "model": "maps.touristattraction",
        "pk": 94,
        "fields": {
            "name": "Stillwell",
            "city": "New York",
            "latitude": "40.5825958265738",
            "longitude": "-73.98259922945458",
            "selected": false
        }
    },
    {
        "model": "maps.touristattraction",
        "pk": 95,
        "fields": {
            "name": "Hook creek",
            "city": "New York",
            "latitude": "40.63525309279282",
            "longitude": "-73.73999760644608",
            "selected": false
        }
    },
    {
        "model": "maps.touristattraction",
        "pk": 96,
        "fields": {
            "name": "3 avenue",
            "city": "New York",
            "latitude": "40.674179744645684",
            "longitude": "-73.98876832456823",
            "selected": false
        }
    },
    {
        "model": "maps.touristattraction",
        "pk": 97,
        "fields": {
            "name": "174 st",
            "city": "New York",
            "latitude": "40.83507399736719",
            "longitude": "-73.88117645435611",
            "selected": false
        }
    },
    {
        "model": "maps.touristattraction",
        "pk": 98,
        "fields": {
            "name": "Mill basin",
            "city": "New York",
            "latitude": "40.604249929153696",
            "longitude": "-73.89874855730358",
            "selected": false
        }
    },
    {
        "model": "maps.touristattraction",
        "pk": 99,
        "fields": {
            "name": "George washington",
            "city": "New York",
            "latitude": "40.85127859384619",
            "longitude": "-73.95054168791759",
            "selected": false
        }
    },
    {
        "model": "maps.touristattraction",
        "pk": 100,
        "fields": {
            "name": "Roosevelt",
            "city": "New York",
            "latitude": "40.75700599076087",
            "longitude": "-73.8386900423433",
            "selected": false
        }
    }
]